{
  "c0": 0.04482966469018917,
  "c2_d0000_0_11": 0.0006839892636190956,
  "c2_d0001_0_00": 0.08466500437727481,
  "c2_d0001_0_11": -0.014832507222120138,
  "c2_d0002_0_11": -0.0008990923043199946,
  "c2_d0003_0_00": 0.010427518638911953,
  "c2_d0004_0_01": -7.89342422199724e-05,
  "c2_d0004_0_11": -0.002222194414144464,
  "c2_d0005_0_00": 0.0033283210228272193,
  "c2_d0005_0_01": -0.010251207295101062,
  "c2_d0005_0_11": -0.0005189967090166385,
  "c2_d0006_0_01": -0.010493627638426617,
  "c2_d0006_0_11": -0.0014909464151783747,
  "c2_d0007_0_00": -0.004548544130370087
}